{
  "accuracy": 0.347682119205298,
  "macro_f1": 0.20074403260972767,
  "per_class_precision": {
    "N1": 0.1326530612244898,
    "N2": 0.3437550799241398,
    "N3": 0.5195025438100622,
    "REM": 0.11338582677165354,
    "W": 0.3112817483756645
  },
  "per_class_recall": {
    "N1": 0.0037367059499856282,
    "N2": 0.8553323446137252,
    "N3": 0.20251211987659762,
    "REM": 0.025622775800711744,
    "W": 0.11960962324103495
  },
  "confusion_matrix": [
    [
      13,
      2900,
      91,
      82,
      393
    ],
    [
      51,
      6344,
      398,
      187,
      437
    ],
    [
      29,
      3374,
      919,
      119,
      97
    ],
    [
      0,
      2224,
      275,
      72,
      239
    ],
    [
      5,
      3613,
      86,
      175,
      527
    ]
  ],
  "transition_matrix": [
    [
      0.8775510191917419,
      0.12244898080825806,
      0.0,
      0.0,
      0.0
    ],
    [
      0.0005960767157375813,
      0.988945484161377,
      0.0035764602944254875,
      0.0016798526048660278,
      0.005202124360948801
    ],
    [
      0.0005652911495417356,
      0.037874504923820496,
      0.9525155425071716,
      0.005652911029756069,
      0.0033917466644197702
    ],
    [
      0.0,
      0.04409448802471161,
      0.020472440868616104,
      0.9354330897331238,
      0.0
    ],
    [
      0.0,
      0.057885412126779556,
      0.002953337272629142,
      0.0,
      0.9391612410545349
    ]
  ],
  "transition_matrix_stability": 1.607890009880066,
  "evaluation_split": "test"
}