{
  "per_dataset": {
    "UNKNOWN": {
      "confusion_matrix": [
        [
          3482,
          2589,
          980,
          540
        ],
        [
          6275,
          7398,
          4431,
          2597
        ],
        [
          3302,
          3451,
          4113,
          903
        ],
        [
          2537,
          2829,
          1779,
          1140
        ]
      ],
      "class_order": [
        "W",
        "Light",
        "Deep",
        "REM"
      ],
      "per_class": {
        "W": {
          "precision": 0.2232623749679405,
          "recall": 0.45870109340007903,
          "f1": 0.3003407081554319,
          "specificity": 0.7027603974972396,
          "support": 7591
        },
        "Light": {
          "precision": 0.45478576258683223,
          "recall": 0.35737403990145405,
          "f1": 0.40023804371348193,
          "specificity": 0.6791824923132573,
          "support": 20701
        },
        "Deep": {
          "precision": 0.36388569406352295,
          "recall": 0.34947744073413206,
          "f1": 0.35653606102635227,
          "specificity": 0.8034283839571316,
          "support": 11769
        },
        "REM": {
          "precision": 0.22007722007722008,
          "recall": 0.1375980687990344,
          "f1": 0.16932788711474195,
          "specificity": 0.8991537904695339,
          "support": 8285
        }
      },
      "macro_f1": 0.306610675002502,
      "weighted_f1": 0.3343434514848271,
      "balanced_accuracy": 0.3257876607086749,
      "mcc": 0.08972708119094285,
      "kappa": 0.08726227711595659,
      "support_total": 48346,
      "samples": 48346
    }
  },
  "domain_variance": {
    "macro_f1": 0.0,
    "mcc": 0.0,
    "kappa": 0.0
  }
}