{
  "per_dataset": {
    "UNKNOWN": {
      "confusion_matrix": [
        [
          3880,
          1366,
          1172,
          1173
        ],
        [
          8398,
          4084,
          4383,
          3836
        ],
        [
          3711,
          1593,
          4610,
          1855
        ],
        [
          2677,
          1274,
          1771,
          2563
        ]
      ],
      "class_order": [
        "W",
        "Light",
        "Deep",
        "REM"
      ],
      "per_class": {
        "W": {
          "precision": 0.207864566591664,
          "recall": 0.5111316032143327,
          "f1": 0.2955402368892105,
          "specificity": 0.6371978898294688,
          "support": 7591
        },
        "Light": {
          "precision": 0.49104244318864976,
          "recall": 0.19728515530650692,
          "f1": 0.28148046040388724,
          "specificity": 0.8468800868149756,
          "support": 20701
        },
        "Deep": {
          "precision": 0.3862265415549598,
          "recall": 0.3917070269351687,
          "f1": 0.3889474794347184,
          "specificity": 0.799710200399158,
          "support": 11769
        },
        "REM": {
          "precision": 0.2718786464410735,
          "recall": 0.30935425467712735,
          "f1": 0.2894083107497742,
          "specificity": 0.8286612915304161,
          "support": 8285
        }
      },
      "macro_f1": 0.3138441218693976,
      "weighted_f1": 0.3112076219144489,
      "balanced_accuracy": 0.3523695100332839,
      "mcc": 0.11966602122346919,
      "kappa": 0.11046191868816987,
      "support_total": 48346,
      "samples": 48346
    }
  },
  "domain_variance": {
    "macro_f1": 0.0,
    "mcc": 0.0,
    "kappa": 0.0
  }
}