{
  "per_dataset": {
    "UNKNOWN": {
      "confusion_matrix": [
        [
          3786,
          1145,
          1330,
          1330
        ],
        [
          7941,
          3751,
          4988,
          4021
        ],
        [
          3591,
          1623,
          4372,
          2183
        ],
        [
          2688,
          1211,
          2063,
          2323
        ]
      ],
      "class_order": [
        "W",
        "Light",
        "Deep",
        "REM"
      ],
      "per_class": {
        "W": {
          "precision": 0.21026324558480505,
          "recall": 0.49874851798182057,
          "f1": 0.2958159159276477,
          "specificity": 0.6510857563489142,
          "support": 7591
        },
        "Light": {
          "precision": 0.4852522639068564,
          "recall": 0.18119897589488432,
          "f1": 0.26386690584221445,
          "specificity": 0.8560680050642069,
          "support": 20701
        },
        "Deep": {
          "precision": 0.34282129694973734,
          "recall": 0.3714844081910103,
          "f1": 0.356577766903189,
          "specificity": 0.7708669382398775,
          "support": 11769
        },
        "REM": {
          "precision": 0.235670082175104,
          "recall": 0.2803862401931201,
          "f1": 0.25609083893727264,
          "specificity": 0.8119367963855121,
          "support": 8285
        }
      },
      "macro_f1": 0.29308785690258093,
      "weighted_f1": 0.29011963295671594,
      "balanced_accuracy": 0.3329545355652088,
      "mcc": 0.09564979791898869,
      "kappa": 0.08823297194385128,
      "support_total": 48346,
      "samples": 48346
    }
  },
  "domain_variance": {
    "macro_f1": 0.0,
    "mcc": 0.0,
    "kappa": 0.0
  }
}