{
  "labels": [
    "W",
    "Light",
    "Deep",
    "REM"
  ],
  "probabilities": [
    [
      0.479928582906723,
      0.39293229579925537,
      0.008790198713541031,
      0.11834893375635147
    ],
    [
      0.2368880808353424,
      0.2893357574939728,
      0.2368880808353424,
      0.2368880808353424
    ],
    [
      0.11834893375635147,
      0.39293229579925537,
      0.479928582906723,
      0.008790198713541031
    ],
    [
      0.11834893375635147,
      0.39293229579925537,
      0.008790198713541031,
      0.479928582906723
    ]
  ],
  "penalties": [
    [
      0.7341179847717285,
      0.9341179728507996,
      4.7341179847717285,
      2.134117841720581
    ],
    [
      1.4401674270629883,
      1.240167498588562,
      1.4401674270629883,
      1.4401674270629883
    ],
    [
      2.134117841720581,
      0.9341179728507996,
      0.7341179847717285,
      4.7341179847717285
    ],
    [
      2.134117841720581,
      0.9341179728507996,
      4.7341179847717285,
      0.7341179847717285
    ]
  ]
}