{
  "macro_f1": 0.2222862850627753,
  "balanced_accuracy": 0.26296892277734196,
  "kappa": 0.06636710696012738,
  "per_class_f1": {
    "N1": 0.14503386004514673,
    "N2": 0.1546740320967665,
    "N3": 0.36357411845258475,
    "REM": 0.18891671482694408,
    "W": 0.2592326998924346
  },
  "confusion_matrix": [
    [
      1028,
      110,
      1232,
      367,
      614
    ],
    [
      3886,
      1624,
      5664,
      3130,
      3046
    ],
    [
      2166,
      807,
      5310,
      1636,
      1850
    ],
    [
      1552,
      955,
      2843,
      1471,
      1464
    ],
    [
      2193,
      153,
      2392,
      684,
      2169
    ]
  ],
  "evaluation_split": "test"
}