{
  "accuracy": 0.3491130108217621,
  "macro_f1": 0.18534516849236354,
  "per_class_precision": {
    "N1": 0.0,
    "N2": 0.3574688540767238,
    "N3": 0.25435356200527703,
    "REM": 0.11428571428571428,
    "W": 0.4087709799675149
  },
  "per_class_recall": {
    "N1": 0.0,
    "N2": 0.8141592920353983,
    "N3": 0.09216061185468451,
    "REM": 0.009269988412514484,
    "W": 0.21001390820584145
  },
  "confusion_matrix": [
    [
      0,
      638,
      97,
      8,
      98
    ],
    [
      0,
      5796,
      752,
      108,
      463
    ],
    [
      0,
      4315,
      482,
      88,
      345
    ],
    [
      0,
      3021,
      213,
      32,
      186
    ],
    [
      1,
      2444,
      351,
      44,
      755
    ]
  ],
  "transition_matrix": [
    [
      0.0,
      1.0,
      0.0,
      0.0,
      0.0
    ],
    [
      6.167889659991488e-05,
      0.9848269820213318,
      0.007216431200504303,
      0.003022266086190939,
      0.004872633144259453
    ],
    [
      0.0,
      0.06332454085350037,
      0.9250659346580505,
      0.003166226902976632,
      0.008443271741271019
    ],
    [
      0.0,
      0.16428571939468384,
      0.01785714365541935,
      0.7714285850524902,
      0.04642857238650322
    ],
    [
      0.0,
      0.04331348091363907,
      0.010286951437592506,
      0.00487276678904891,
      0.9415267705917358
    ]
  ],
  "transition_matrix_stability": 2.2510268688201904,
  "evaluation_split": "test"
}