{
  "per_dataset": {
    "UNKNOWN": {
      "confusion_matrix": [
        [
          1292,
          257,
          574,
          600,
          628
        ],
        [
          4976,
          1833,
          3809,
          3321,
          3411
        ],
        [
          2884,
          758,
          4171,
          1911,
          2045
        ],
        [
          1811,
          798,
          2222,
          1893,
          1561
        ],
        [
          2762,
          484,
          1171,
          1020,
          2154
        ]
      ],
      "class_order": [
        "N1",
        "N2",
        "N3",
        "REM",
        "W"
      ],
      "per_class": {
        "N1": {
          "precision": 0.09413479052823315,
          "recall": 0.38555655028349745,
          "f1": 0.1513234949636917,
          "specificity": 0.7236804089343261,
          "support": 3351
        },
        "N2": {
          "precision": 0.4438256658595642,
          "recall": 0.10564841498559077,
          "f1": 0.17067039106145251,
          "specificity": 0.9258936636985418,
          "support": 17350
        },
        "N3": {
          "precision": 0.3491253034234536,
          "recall": 0.35440564194069163,
          "f1": 0.35174565694046217,
          "specificity": 0.787407387155863,
          "support": 11769
        },
        "REM": {
          "precision": 0.2164665523156089,
          "recall": 0.22848521424260712,
          "f1": 0.22231356429829713,
          "specificity": 0.8289608347270413,
          "support": 8285
        },
        "W": {
          "precision": 0.21981834881110318,
          "recall": 0.2837570807535239,
          "f1": 0.24772857964347325,
          "specificity": 0.8124156545209177,
          "support": 7591
        }
      },
      "macro_f1": 0.22875633738147533,
      "weighted_f1": 0.23435830226609913,
      "balanced_accuracy": 0.27157058044118215,
      "mcc": 0.08013320556323739,
      "kappa": 0.07416232431456414,
      "support_total": 48346,
      "samples": 48346
    }
  },
  "domain_variance": {
    "macro_f1": 0.0,
    "mcc": 0.0,
    "kappa": 0.0
  }
}