{
  "UNKNOWN": {
    "macro_f1": 0.22875633738147533,
    "balanced_accuracy": 0.27157058044118215,
    "kappa": 0.07416232431456415,
    "per_class_f1": {
      "N1": 0.15132349496369174,
      "N2": 0.17067039106145251,
      "N3": 0.3517456569404621,
      "REM": 0.22231356429829713,
      "W": 0.24772857964347325
    },
    "confusion_matrix": [
      [
        1292,
        257,
        574,
        600,
        628
      ],
      [
        4976,
        1833,
        3809,
        3321,
        3411
      ],
      [
        2884,
        758,
        4171,
        1911,
        2045
      ],
      [
        1811,
        798,
        2222,
        1893,
        1561
      ],
      [
        2762,
        484,
        1171,
        1020,
        2154
      ]
    ],
    "samples": 48346
  },
  "aggregate": {
    "macro_f1_mean": 0.22875633738147533,
    "macro_f1_std": 0.0,
    "macro_f1_variance": 0.0
  }
}