{
  "per_dataset": {
    "DODH": {
      "confusion_matrix": [
        [
          444,
          246,
          16,
          0
        ],
        [
          760,
          2365,
          59,
          37
        ],
        [
          246,
          893,
          88,
          4
        ],
        [
          91,
          384,
          3,
          132
        ]
      ],
      "class_order": [
        "Deep",
        "Light",
        "REM",
        "W"
      ],
      "per_class": {
        "Deep": {
          "precision": 0.2881245944192083,
          "recall": 0.6288951841359773,
          "f1": 0.3951935914552736,
          "specificity": 0.7832872382457526,
          "support": 706
        },
        "Light": {
          "precision": 0.6082818930041153,
          "recall": 0.7342440235951568,
          "f1": 0.665353776902518,
          "specificity": 0.4020416175893208,
          "support": 3221
        },
        "REM": {
          "precision": 0.5301204819277109,
          "recall": 0.07148659626320066,
          "f1": 0.12598425196850394,
          "specificity": 0.9828080229226361,
          "support": 1231
        },
        "W": {
          "precision": 0.7630057803468208,
          "recall": 0.21639344262295082,
          "f1": 0.3371647509578544,
          "specificity": 0.9920511826289259,
          "support": 610
        }
      },
      "macro_f1": 0.38092409282103745,
      "weighted_f1": 0.48246676546947864,
      "balanced_accuracy": 0.41275481165432143,
      "mcc": 0.197714377965774,
      "kappa": 0.18348478666895043,
      "support_total": 5768,
      "samples": 5768
    }
  },
  "domain_variance": {
    "macro_f1": 0.0,
    "mcc": 0.0,
    "kappa": 0.0
  }
}