{
  "accuracy": 0.5251386962552012,
  "macro_f1": 0.3809240928210375,
  "per_class_precision": {
    "Deep": 0.2881245944192083,
    "Light": 0.6082818930041153,
    "REM": 0.5301204819277109,
    "W": 0.7630057803468208
  },
  "per_class_recall": {
    "Deep": 0.6288951841359773,
    "Light": 0.7342440235951568,
    "REM": 0.07148659626320066,
    "W": 0.21639344262295082
  },
  "confusion_matrix": [
    [
      444,
      246,
      16,
      0
    ],
    [
      760,
      2365,
      59,
      37
    ],
    [
      246,
      893,
      88,
      4
    ],
    [
      91,
      384,
      3,
      132
    ]
  ],
  "transition_matrix": [
    [
      0.951298713684082,
      0.03896103799343109,
      0.00909090880304575,
      0.0006493506371043622
    ],
    [
      0.015174897387623787,
      0.9681069850921631,
      0.011574073694646358,
      0.005144033115357161
    ],
    [
      0.10240963846445084,
      0.2530120611190796,
      0.6385542154312134,
      0.0060240961611270905
    ],
    [
      0.0,
      0.12138728052377701,
      0.005780346691608429,
      0.8728323578834534
    ]
  ],
  "transition_matrix_stability": 1.0285282135009766,
  "evaluation_split": "test"
}