{
  "per_dataset": {
    "UNKNOWN": {
      "confusion_matrix": [
        [
          3527,
          1682,
          1252,
          1130
        ],
        [
          7270,
          5981,
          4348,
          3102
        ],
        [
          3134,
          2219,
          4661,
          1755
        ],
        [
          2422,
          1885,
          1644,
          2334
        ]
      ],
      "class_order": [
        "W",
        "Light",
        "Deep",
        "REM"
      ],
      "per_class": {
        "W": {
          "precision": 0.2156790802910781,
          "recall": 0.46462916611777105,
          "f1": 0.29460407617774814,
          "specificity": 0.6852901484480431,
          "support": 7591
        },
        "Light": {
          "precision": 0.5082858842525707,
          "recall": 0.28892324042316797,
          "f1": 0.3684242946901565,
          "specificity": 0.7907035630312895,
          "support": 20701
        },
        "Deep": {
          "precision": 0.39151616967660646,
          "recall": 0.3960404452374883,
          "f1": 0.39376531215679644,
          "specificity": 0.8019520463679362,
          "support": 11769
        },
        "REM": {
          "precision": 0.28049513279653887,
          "recall": 0.28171394085697044,
          "f1": 0.28110321570516683,
          "specificity": 0.8505529068171039,
          "support": 8285
        }
      },
      "macro_f1": 0.334474224682467,
      "weighted_f1": 0.3480382031096028,
      "balanced_accuracy": 0.35782669815884943,
      "mcc": 0.13145276886192783,
      "kappa": 0.12557371935909947,
      "support_total": 48346,
      "samples": 48346
    }
  },
  "domain_variance": {
    "macro_f1": 0.0,
    "mcc": 0.0,
    "kappa": 0.0
  }
}