{
  "accuracy": 0.47711511789181693,
  "macro_f1": 0.3371917698131496,
  "per_class_precision": {
    "N1": 0.8846153846153846,
    "N2": 0.5335142469470827,
    "N3": 0.3071236559139785,
    "REM": 0.44680851063829785,
    "W": 0.7150259067357513
  },
  "per_class_recall": {
    "N1": 0.061170212765957445,
    "N2": 0.6910369068541301,
    "N3": 0.6473087818696884,
    "REM": 0.1364744110479285,
    "W": 0.2262295081967213
  },
  "confusion_matrix": [
    [
      23,
      259,
      50,
      26,
      18
    ],
    [
      2,
      1966,
      697,
      148,
      32
    ],
    [
      0,
      230,
      457,
      18,
      1
    ],
    [
      0,
      860,
      199,
      168,
      4
    ],
    [
      1,
      370,
      85,
      16,
      138
    ]
  ],
  "transition_matrix": [
    [
      0.5,
      0.11538461595773697,
      0.03846153989434242,
      0.0,
      0.3461538553237915
    ],
    [
      0.0,
      0.9533242583274841,
      0.024694709107279778,
      0.016824966296553612,
      0.005156037863343954
    ],
    [
      0.0006724949344061315,
      0.06119704246520996,
      0.9253530502319336,
      0.012104908935725689,
      0.0006724949344061315
    ],
    [
      0.0,
      0.1595744639635086,
      0.050531916320323944,
      0.7845744490623474,
      0.005319148767739534
    ],
    [
      0.062176164239645004,
      0.08808290213346481,
      0.005181347019970417,
      0.005181347019970417,
      0.8393782377243042
    ]
  ],
  "transition_matrix_stability": 1.5704312324523926,
  "evaluation_split": "test"
}