{
  "per_dataset": {
    "DODH": {
      "confusion_matrix": [
        [
          194,
          354,
          62,
          0
        ],
        [
          154,
          2537,
          530,
          0
        ],
        [
          20,
          443,
          243,
          0
        ],
        [
          26,
          1004,
          201,
          0
        ]
      ],
      "class_order": [
        "W",
        "Light",
        "Deep",
        "REM"
      ],
      "per_class": {
        "W": {
          "precision": 0.49238578680203043,
          "recall": 0.3180327868852459,
          "f1": 0.38645418326693226,
          "specificity": 0.9612252811167119,
          "support": 610
        },
        "Light": {
          "precision": 0.5848317196864915,
          "recall": 0.7876435889475318,
          "f1": 0.6712528112184151,
          "specificity": 0.292893600314095,
          "support": 3221
        },
        "Deep": {
          "precision": 0.23455598455598456,
          "recall": 0.34419263456090654,
          "f1": 0.27898966704936856,
          "specificity": 0.8433425523508494,
          "support": 706
        },
        "REM": {
          "precision": 0.0,
          "recall": 0.0,
          "f1": 0.0,
          "specificity": 1.0,
          "support": 1231
        }
      },
      "macro_f1": 0.334174165383679,
      "weighted_f1": 0.4498628747684116,
      "balanced_accuracy": 0.36246725259842105,
      "mcc": 0.13417462705494873,
      "kappa": 0.12057480967642126,
      "support_total": 5768,
      "samples": 5768
    }
  },
  "domain_variance": {
    "macro_f1": 0.0,
    "mcc": 0.0,
    "kappa": 0.0
  }
}