{
  "mean": [
    0.0,
    -3.0492707082885318e-05,
    -5.903611963731237e-06,
    2.7389927481635823e-07,
    4.1292079799859494e-07,
    6.470659030810566e-08,
    -8.09927680478495e-09,
    0.0,
    0.0,
    0.0,
    0.0,
    2.371906248299638e-06,
    0.0,
    2.6746843673208787e-07,
    -5.625344783766195e-06,
    -0.00022168515715748072,
    -1.0958680832118262e-05,
    -1.995030515899998e-06,
    0.13776838779449463,
    0.0,
    0.0,
    -3.116651714663021e-05,
    -9.647708054671966e-08,
    6.650573050137609e-05,
    6.760556630069914e-07,
    5.073823558632284e-06
  ],
  "std": [
    1.0,
    0.9599682688713074,
    1.0006023645401,
    0.999741792678833,
    1.0000603199005127,
    1.0004680156707764,
    0.999713659286499,
    1.0,
    1.0,
    1.0,
    1.0,
    0.3540678322315216,
    1.0,
    0.9999221563339233,
    0.9794036746025085,
    1.000301480293274,
    1.000009298324585,
    0.9999278783798218,
    0.34513968229293823,
    1.0,
    1.0,
    0.9998036026954651,
    1.0007469654083252,
    1.0003995895385742,
    1.0000017881393433,
    0.3540334403514862
  ],
  "policy": "recording_zscore_then_global"
}