{
  "per_dataset": {
    "UNKNOWN": {
      "confusion_matrix": [
        [
          3590,
          1640,
          1181,
          1180
        ],
        [
          7896,
          4695,
          4641,
          3469
        ],
        [
          3234,
          1582,
          5244,
          1709
        ],
        [
          2350,
          1577,
          1886,
          2472
        ]
      ],
      "class_order": [
        "W",
        "Light",
        "Deep",
        "REM"
      ],
      "per_class": {
        "W": {
          "precision": 0.2103104862331576,
          "recall": 0.47292846792253984,
          "f1": 0.2911479664247192,
          "specificity": 0.6692430376640903,
          "support": 7591
        },
        "Light": {
          "precision": 0.4945228565409732,
          "recall": 0.22680063765035505,
          "f1": 0.3109786388474913,
          "specificity": 0.8264062217399168,
          "support": 20701
        },
        "Deep": {
          "precision": 0.4048795552810377,
          "recall": 0.44557736426204436,
          "f1": 0.4242546822539542,
          "specificity": 0.7892664789348498,
          "support": 11769
        },
        "REM": {
          "precision": 0.2799546998867497,
          "recall": 0.2983705491852746,
          "f1": 0.28886941279579315,
          "specificity": 0.8412920296547765,
          "support": 8285
        }
      },
      "macro_f1": 0.32881267508048945,
      "weighted_f1": 0.3316512111937263,
      "balanced_accuracy": 0.3609192547550535,
      "mcc": 0.13232976641473435,
      "kappa": 0.12425957212738407,
      "support_total": 48346,
      "samples": 48346
    }
  },
  "domain_variance": {
    "macro_f1": 0.0,
    "mcc": 0.0,
    "kappa": 0.0
  }
}