{
  "mean": [
    0.0,
    -8.251940926129464e-06,
    -1.8641978840605589e-06,
    -7.474551466657431e-07,
    -7.4129640204034786e-09,
    2.563252792242565e-07,
    2.1637576175237427e-09,
    0.0,
    0.0,
    0.0,
    0.0,
    -2.3487112343900662e-07,
    0.0,
    -2.8025842979673143e-08,
    -1.6580038675328979e-07,
    -1.3181923350202851e-05,
    -1.246226929652039e-06,
    -9.16359283564816e-07,
    0.1512943059206009,
    0.0,
    0.0,
    0.031906526535749435,
    -8.51443619467318e-05,
    0.7953581213951111,
    0.7945685982704163,
    0.0
  ],
  "std": [
    1.0,
    0.8337512016296387,
    0.9199444651603699,
    0.9212935566902161,
    0.45281150937080383,
    0.4527992010116577,
    0.45302751660346985,
    1.0,
    1.0,
    1.0,
    1.0,
    0.6428177356719971,
    1.0,
    0.42069652676582336,
    0.6324964165687561,
    0.9200900197029114,
    0.45295292139053345,
    0.9203181862831116,
    0.361261248588562,
    1.0,
    1.0,
    0.9197952747344971,
    0.9199488162994385,
    0.6020004153251648,
    0.6022668480873108,
    1.0
  ],
  "policy": "recording_zscore_then_global"
}