{
  "macro_f1": 0.22419454148048623,
  "balanced_accuracy": 0.25417574095310363,
  "kappa": 0.057726742048126334,
  "per_class_f1": {
    "N1": 0.14608119710536,
    "N2": 0.2733569339695244,
    "N3": 0.3203125,
    "REM": 0.14678899082568808,
    "W": 0.23443308550185873
  },
  "confusion_matrix": [
    [
      1191,
      493,
      701,
      255,
      711
    ],
    [
      4599,
      3552,
      4225,
      1679,
      3295
    ],
    [
      2671,
      1917,
      3895,
      1102,
      2184
    ],
    [
      1914,
      1799,
      2211,
      944,
      1417
    ],
    [
      2580,
      877,
      1519,
      597,
      2018
    ]
  ],
  "evaluation_split": "test"
}