{
  "mean": [
    255.98402404785156,
    147.35499572753906,
    68.92896270751953,
    -0.1761283278465271,
    205.470947265625,
    203.8739776611328,
    -0.7968335151672363,
    255.98402404785156,
    255.98402404785156,
    255.98402404785156,
    255.98402404785156,
    164.35337829589844,
    255.98402404785156,
    243.76205444335938,
    1.6068804264068604
  ],
  "std": [
    0.9936906695365906,
    58.440914154052734,
    87.11465454101562,
    0.39805904030799866,
    95.69091033935547,
    101.69087219238281,
    1.5514510869979858,
    0.9936906695365906,
    0.9936906695365906,
    0.9936906695365906,
    0.9936906695365906,
    34.57398986816406,
    0.9936906695365906,
    31.185848236083984,
    1.867909550666809
  ]
}