{
  "accuracy": 0.36373226326893643,
  "macro_f1": 0.20177897081503476,
  "per_class_precision": {
    "N1": 0.45454545454545453,
    "N2": 0.3710324699014958,
    "N3": 0.41067117334620956,
    "REM": 0.383248730964467,
    "W": 0.2657370517928287
  },
  "per_class_recall": {
    "N1": 0.0029841838257236644,
    "N2": 0.8206340057636887,
    "N3": 0.14453224573030843,
    "REM": 0.03645141822570911,
    "W": 0.1757344223422474
  },
  "confusion_matrix": [
    [
      10,
      2917,
      156,
      39,
      229
    ],
    [
      4,
      14238,
      1357,
      270,
      1481
    ],
    [
      0,
      8747,
      1701,
      70,
      1251
    ],
    [
      0,
      6728,
      530,
      302,
      725
    ],
    [
      8,
      5744,
      398,
      107,
      1334
    ]
  ],
  "transition_matrix": [
    [
      0.7727272510528564,
      0.22727273404598236,
      0.0,
      0.0,
      0.0
    ],
    [
      7.817996811354533e-05,
      0.9842076301574707,
      0.006384697742760181,
      0.0019284392474219203,
      0.0074010370299220085
    ],
    [
      0.00048285853699781,
      0.05818445235490799,
      0.9367455244064331,
      0.0012071463279426098,
      0.0033800096716731787
    ],
    [
      0.0,
      0.0964467003941536,
      0.0025380710139870644,
      0.8895938992500305,
      0.011421320028603077
    ],
    [
      0.0,
      0.05657370388507843,
      0.0029880478978157043,
      0.0015936255222186446,
      0.938844621181488
    ]
  ],
  "transition_matrix_stability": 1.0673354864120483,
  "evaluation_split": "test"
}